Date,US_Stocks,US_Bonds,Dev_Stocks_ExUS,Dev_Bonds_ExUS,EM_Stocks,EM_Bonds,Cash
2015-06-22,192.4199981689453,108.20999908447266,15.71500015258789,52.099998474121094,41.25,109.93000030517578,91.4000015258789
2015-06-29,190.1300048828125,108.44000244140625,15.335000038146973,52.04999923706055,41.06999969482422,109.97000122070312,91.41999816894531
2015-07-06,190.24000549316406,108.37999725341797,15.3149995803833,52.29999923706055,39.72999954223633,109.87999725341797,91.4000015258789
2015-07-13,194.85000610351562,108.79000091552734,15.520000457763672,52.54999923706055,40.04999923706055,109.68000030517578,91.41999816894531
2015-07-20,190.6699981689453,109.12000274658203,15.164999961853027,52.880001068115234,38.38999938964844,108.9800033569336,91.41999816894531
2015-07-27,192.9499969482422,109.5,15.364999771118164,52.97999954223633,38.31999969482422,109.66000366210938,91.41999816894531
2015-08-03,190.6699981689453,109.19999694824219,15.3149995803833,52.900001525878906,37.540000915527344,108.47000122070312,91.4000015258789
2015-08-10,192.02000427246094,109.06999969482422,15.1899995803833,52.91999816894531,36.81999969482422,108.55000305175781,91.37999725341797
2015-08-17,181.0399932861328,109.76000213623047,14.199999809265137,53.06999969482422,33.86000061035156,107.08999633789062,91.4000015258789
2015-08-24,182.72000122070312,109.0,14.399999618530273,52.689998626708984,34.61000061035156,107.94999694824219,91.41999816894531
2015-08-31,176.49000549316406,109.2699966430664,13.744999885559082,52.900001525878906,32.779998779296875,107.63999938964844,91.4000015258789
2015-09-07,180.32000732421875,109.05999755859375,14.149999618530273,52.849998474121094,34.06999969482422,107.81999969482422,91.4000015258789
2015-09-14,180.1300048828125,109.27999877929688,14.050000190734863,52.959999084472656,34.36000061035156,109.11000061035156,91.37999725341797
2015-09-21,176.75999450683594,109.11000061035156,13.704999923706055,52.880001068115234,32.689998626708984,106.80000305175781,91.37999725341797
2015-09-28,178.75,109.79000091552734,13.944999694824219,53.09000015258789,34.06999969482422,106.83000183105469,91.4000015258789
2015-10-05,184.5800018310547,109.33000183105469,14.579999923706055,52.810001373291016,36.02000045776367,108.54000091552734,91.37999725341797
2015-10-12,186.1999969482422,109.7699966430664,14.640000343322754,53.02000045776367,36.369998931884766,109.54000091552734,91.37999725341797
2015-10-19,190.22000122070312,109.75,14.805000305175781,53.189998626708984,36.40999984741211,109.25,91.37999725341797
2015-10-26,190.55999755859375,109.44999694824219,14.585000038146973,53.18000030517578,34.84000015258789,108.5,91.36000061035156
2015-11-02,192.55999755859375,108.25,14.515000343322754,52.65999984741211,35.38999938964844,108.19000244140625,91.36000061035156
2015-11-09,185.6699981689453,108.55000305175781,14.119999885559082,52.939998626708984,33.70000076293945,107.87999725341797,91.36000061035156
2015-11-16,191.92999267578125,108.62000274658203,14.510000228881836,53.119998931884766,35.220001220703125,108.98999786376953,91.36000061035156
2015-11-23,192.14999389648438,108.7699966430664,14.460000038146973,53.25,33.9900016784668,108.68000030517578,91.37999725341797
2015-11-30,192.16000366210938,108.23999786376953,14.470000267028809,52.70000076293945,33.93000030517578,107.33999633789062,91.37999725341797
2015-12-07,184.97999572753906,108.69000244140625,13.845000267028809,53.06999969482422,31.559999465942383,105.29000091552734,91.37999725341797
2015-12-14,184.39999389648438,108.37999725341797,13.890000343322754,53.060001373291016,32.63999938964844,105.98999786376953,91.37999725341797
2015-12-21,188.50999450683594,108.01000213623047,13.944999694824219,52.84000015258789,33.349998474121094,105.95999908447266,91.37999725341797
2015-12-28,186.92999267578125,108.01000213623047,13.779999732971191,52.880001068115234,32.709999084472656,105.77999877929688,91.36000061035156
2016-01-04,175.97000122070312,108.66000366210938,12.890000343322754,53.06999969482422,30.0,105.3499984741211,91.36000061035156
2016-01-11,172.14999389648438,108.93000030517578,12.484999656677246,53.099998474121094,28.760000228881836,103.36000061035156,91.33999633789062
2016-01-18,174.66000366210938,108.83999633789062,12.779999732971191,53.040000915527344,29.56999969482422,104.55000305175781,91.33999633789062
2016-01-25,177.75,109.3499984741211,13.03499984741211,53.56999969482422,30.829999923706055,105.81999969482422,91.37999725341797
2016-02-01,172.30999755859375,109.31999969482422,12.664999961853027,53.689998626708984,30.290000915527344,105.12999725341797,91.37999725341797
2016-02-08,171.13999938964844,109.7699966430664,12.295000076293945,53.61000061035156,29.6299991607666,104.70999908447266,91.36000061035156
2016-02-15,176.07000732421875,109.79000091552734,12.680000305175781,53.849998474121094,30.68000030517578,106.0199966430664,91.37999725341797
2016-02-22,178.97999572753906,109.95999908447266,12.704999923706055,54.06999969482422,30.540000915527344,107.08999633789062,91.36000061035156
2016-02-29,183.77999877929688,109.37999725341797,13.295000076293945,54.0099983215332,33.40999984741211,108.19000244140625,91.37999725341797
2016-03-07,185.97999572753906,109.41999816894531,13.539999961853027,54.02000045776367,33.61000061035156,108.83999633789062,91.36000061035156
2016-03-14,188.4499969482422,110.16999816894531,13.595000267028809,54.349998474121094,34.400001525878906,110.0,91.36000061035156
2016-03-21,186.3000030517578,110.11000061035156,13.329999923706055,54.459999084472656,33.810001373291016,109.25,91.37999725341797
2016-03-28,189.77000427246094,110.51000213623047,13.404999732971191,54.459999084472656,34.68000030517578,110.20999908447266,91.37999725341797
2016-04-04,187.57000732421875,110.87999725341797,13.395000457763672,54.560001373291016,33.869998931884766,110.05000305175781,91.4000015258789
2016-04-11,190.55999755859375,110.94999694824219,13.8149995803833,54.58000183105469,35.11000061035156,111.3499984741211,91.37999725341797
2016-04-18,191.66000366210938,110.5199966430664,14.100000381469727,54.33000183105469,35.02000045776367,111.36000061035156,91.4000015258789
2016-04-25,189.22000122070312,110.88999938964844,13.875,54.34000015258789,34.93000030517578,111.62999725341797,91.41999816894531
2016-05-02,188.64999389648438,110.97000122070312,13.604999542236328,54.599998474121094,33.470001220703125,111.08999633789062,91.41999816894531
2016-05-09,187.75999450683594,111.19999694824219,13.5,54.61000061035156,32.86000061035156,111.8499984741211,91.37999725341797
2016-05-16,188.49000549316406,110.54000091552734,13.59000015258789,54.56999969482422,32.79999923706055,110.4800033569336,91.4000015258789
2016-05-23,192.77000427246094,110.62999725341797,13.869999885559082,54.75,33.709999084472656,111.04000091552734,91.41999816894531
2016-05-30,192.9199981689453,111.30000305175781,13.925000190734863,54.9900016784668,34.56999969482422,112.0,91.41999816894531
2016-06-06,192.6699981689453,111.5199966430664,13.609999656677246,55.029998779296875,34.20000076293945,112.41000366210938,91.4000015258789
2016-06-13,190.42999267578125,111.79000091552734,13.444999694824219,55.06999969482422,33.83000183105469,111.83999633789062,91.4000015258789
2016-06-20,186.33999633789062,111.87999725341797,13.069999694824219,55.040000915527344,33.47999954223633,112.30999755859375,91.4000015258789
2016-06-27,192.60000610351562,112.6500015258789,13.595000267028809,55.779998779296875,35.4900016784668,115.05999755859375,91.44000244140625
2016-07-04,195.1699981689453,113.25,13.4399995803833,56.099998474121094,35.40999984741211,116.36000061035156,91.41999816894531
2016-07-11,198.00999450683594,112.26000213623047,13.864999771118164,55.7599983215332,36.560001373291016,116.37000274658203,91.41999816894531
2016-07-18,199.3300018310547,112.52999877929688,13.850000381469727,55.86000061035156,36.88999938964844,116.19999694824219,91.44000244140625
2016-07-25,199.27999877929688,113.0199966430664,14.104999542236328,56.099998474121094,37.040000915527344,116.19000244140625,91.44000244140625
2016-08-01,200.1699981689453,112.16999816894531,14.039999961853027,55.790000915527344,37.4900016784668,115.61000061035156,91.41999816894531
2016-08-08,200.47000122070312,112.62999725341797,14.3149995803833,56.099998474121094,38.18000030517578,117.5,91.41999816894531
2016-08-15,200.5399932861328,112.4800033569336,14.3100004196167,56.0,38.34000015258789,117.41999816894531,91.41999816894531
2016-08-22,199.3800048828125,112.33999633789062,14.204999923706055,56.040000915527344,37.470001220703125,117.11000061035156,91.41999816894531
2016-08-29,200.3699951171875,112.30999755859375,14.444999694824219,55.880001068115234,38.099998474121094,116.91999816894531,91.45999908447266
2016-09-05,195.67999267578125,111.7300033569336,14.25,55.70000076293945,37.40999984741211,116.27999877929688,91.45999908447266
2016-09-12,195.88999938964844,111.80000305175781,13.989999771118164,55.560001373291016,36.79999923706055,115.3499984741211,91.44000244140625
2016-09-19,198.2899932861328,112.2300033569336,14.414999961853027,55.91999816894531,37.689998626708984,117.23999786376953,91.45999908447266
2016-09-26,198.69000244140625,112.41999816894531,14.395000457763672,56.040000915527344,37.630001068115234,117.20999908447266,91.45999908447266
2016-10-03,197.4600067138672,111.58000183105469,14.244999885559082,55.58000183105469,37.939998626708984,116.3499984741211,91.45999908447266
2016-10-10,195.6300048828125,111.37000274658203,14.039999961853027,55.400001525878906,37.31999969482422,115.54000091552734,91.44000244140625
2016-10-17,196.47000122070312,111.83000183105469,14.170000076293945,55.54999923706055,38.06999969482422,116.4800033569336,91.44000244140625
2016-10-24,195.1300048828125,111.16000366210938,14.079999923706055,55.22999954223633,37.45000076293945,114.56999969482422,91.45999908447266
2016-10-31,191.47999572753906,111.23999786376953,13.795000076293945,55.209999084472656,36.560001373291016,114.0199966430664,91.4800033569336
2016-11-07,198.77000427246094,109.25,13.869999885559082,54.5,35.25,108.70999908447266,91.4000015258789
2016-11-14,200.66000366210938,108.37000274658203,13.710000038146973,54.380001068115234,35.380001068115234,109.0999984741211,91.45999908447266
2016-11-21,203.5,108.16999816894531,13.859999656677246,54.439998626708984,35.959999084472656,109.30999755859375,91.45999908447266
2016-11-28,201.75,108.0199966430664,13.859999656677246,54.380001068115234,35.77000045776367,108.33000183105469,91.41999816894531
2016-12-05,208.0,107.83999633789062,14.324999809265137,54.18000030517578,36.70000076293945,109.43000030517578,91.44000244140625
2016-12-12,207.8699951171875,107.2300033569336,14.175000190734863,54.31999969482422,35.650001525878906,109.11000061035156,91.41999816894531
2016-12-19,207.19000244140625,107.41999816894531,13.829999923706055,54.16999816894531,35.029998779296875,110.08999633789062,91.41999816894531
2016-12-26,205.30999755859375,108.05999755859375,13.84000015258789,54.290000915527344,35.779998779296875,110.22000122070312,91.4000015258789
2017-01-02,208.61000061035156,108.29000091552734,14.164999961853027,53.95000076293945,36.72999954223633,112.08999633789062,91.44000244140625
2017-01-09,208.4600067138672,108.41999816894531,14.305000305175781,54.029998779296875,37.2400016784668,112.16000366210938,91.44000244140625
2017-01-16,208.1300048828125,108.08000183105469,14.255000114440918,53.849998474121094,37.02000045776367,111.69999694824219,91.44000244140625
2017-01-23,210.25,108.08000183105469,14.404999732971191,53.75,38.0099983215332,111.97000122070312,91.41999816894531
2017-01-30,210.63999938964844,108.01000213623047,14.470000267028809,53.68000030517578,38.290000915527344,112.69000244140625,91.4000015258789
2017-02-06,212.57000732421875,108.45999908447266,14.475000381469727,53.810001373291016,38.90999984741211,113.01000213623047,91.41999816894531
2017-02-13,215.83999633789062,108.36000061035156,14.5649995803833,53.91999816894531,39.16999816894531,112.94999694824219,91.44000244140625
2017-02-20,217.38999938964844,109.0,14.529999732971191,54.22999954223633,39.189998626708984,113.83000183105469,91.41999816894531
2017-02-27,218.97999572753906,107.91999816894531,14.614999771118164,54.029998779296875,38.939998626708984,113.1500015258789,91.41999816894531
2017-03-06,218.1699981689453,107.30000305175781,14.640000343322754,53.65999984741211,38.650001525878906,111.91999816894531,91.41999816894531
2017-03-13,218.55999755859375,107.88999938964844,14.90999984741211,53.72999954223633,40.060001373291016,113.04000091552734,91.44000244140625
2017-03-20,214.72999572753906,108.36000061035156,14.904999732971191,54.02000045776367,40.209999084472656,113.73999786376953,91.44000244140625
2017-03-27,216.35000610351562,108.48999786376953,14.9350004196167,54.130001068115234,39.720001220703125,113.69999694824219,91.41999816894531
2017-04-03,215.91000366210938,108.44000244140625,14.84000015258789,54.310001373291016,39.970001220703125,113.6500015258789,91.4000015258789
2017-04-10,213.47000122070312,109.2699966430664,14.78499984741211,54.47999954223633,39.75,114.11000061035156,91.41999816894531
2017-04-17,215.39999389648438,109.33999633789062,14.880000114440918,54.459999084472656,39.70000076293945,114.54000091552734,91.44000244140625
2017-04-24,218.60000610351562,109.25,15.255000114440918,54.349998474121094,40.34000015258789,115.19999694824219,91.45999908447266
2017-05-01,220.05999755859375,108.69999694824219,15.640000343322754,54.34000015258789,40.209999084472656,114.47000122070312,91.4000015258789
2017-05-08,219.41000366210938,108.91999816894531,15.585000038146973,54.349998474121094,40.93000030517578,114.97000122070312,91.41999816894531
2017-05-15,218.7100067138672,109.5199966430664,15.779999732971191,54.470001220703125,40.689998626708984,114.91999816894531,91.44000244140625
2017-05-22,221.92999267578125,109.44000244140625,15.795000076293945,54.65999984741211,41.11000061035156,115.48999786376953,91.4800033569336
2017-05-29,224.10000610351562,109.83999633789062,16.05500030517578,54.59000015258789,41.16999816894531,116.01000213623047,91.4000015258789
2017-06-05,223.5,109.55999755859375,15.864999771118164,54.72999954223633,40.970001220703125,115.52999877929688,91.44000244140625
2017-06-12,223.8699951171875,109.94000244140625,15.890000343322754,54.72999954223633,40.75,115.56999969482422,91.45999908447266
2017-06-19,223.3699951171875,110.05000305175781,15.859999656677246,54.869998931884766,40.72999954223633,115.30000305175781,91.45999908447266
2017-06-26,222.05999755859375,109.51000213623047,15.890000343322754,54.36000061035156,40.83000183105469,114.36000061035156,91.4800033569336
2017-07-03,222.33999633789062,108.9000015258789,15.8149995803833,54.029998779296875,40.61000061035156,112.9000015258789,91.44000244140625
2017-07-10,225.47000122070312,109.37000274658203,16.184999465942383,54.16999816894531,42.52000045776367,114.4800033569336,91.45999908447266
2017-07-17,226.77000427246094,109.91999816894531,16.264999389648438,54.4900016784668,42.599998474121094,115.29000091552734,91.44000244140625
2017-07-24,226.77000427246094,109.69999694824219,16.295000076293945,54.40999984741211,42.939998626708984,115.16999816894531,91.45999908447266
2017-07-31,227.25999450683594,109.68000030517578,16.43000030517578,54.630001068115234,43.2400016784668,115.2300033569336,91.44000244140625
2017-08-07,224.22999572753906,109.87000274658203,16.075000762939453,54.790000915527344,42.40999984741211,114.97000122070312,91.45999908447266
2017-08-14,222.8699951171875,109.94999694824219,16.125,54.7400016784668,43.029998779296875,115.55000305175781,91.44000244140625
2017-08-21,224.60000610351562,110.12000274658203,16.290000915527344,54.79999923706055,44.20000076293945,116.37999725341797,91.45999908447266
2017-08-28,227.69000244140625,109.97000122070312,16.350000381469727,54.779998779296875,44.619998931884766,116.52999877929688,91.44000244140625
2017-09-04,226.39999389648438,110.44000244140625,16.475000381469727,54.95000076293945,44.529998779296875,117.26000213623047,91.41999816894531
2017-09-11,230.08999633789062,109.91000366210938,16.610000610351562,54.599998474121094,45.060001373291016,117.05999755859375,91.44000244140625
2017-09-18,229.0399932861328,109.7699966430664,16.704999923706055,54.599998474121094,44.18000030517578,116.44000244140625,91.4800033569336
2017-09-25,230.75999450683594,109.58999633789062,16.735000610351562,54.59000015258789,43.56999969482422,116.41999816894531,91.5
2017-10-02,233.67999267578125,109.27999877929688,16.729999542236328,54.52000045776367,44.369998931884766,115.69000244140625,91.41999816894531
2017-10-09,234.13999938964844,109.86000061035156,17.014999389648438,54.689998626708984,45.18000030517578,116.41999816894531,91.45999908447266
2017-10-16,236.16000366210938,109.30000305175781,16.954999923706055,54.65999984741211,44.810001373291016,116.04000091552734,91.4800033569336
2017-10-23,236.72000122070312,109.23999786376953,16.924999237060547,54.77000045776367,44.7400016784668,115.80000305175781,91.5
2017-10-30,237.42999267578125,109.44999694824219,17.104999542236328,54.95000076293945,44.619998931884766,115.41999816894531,91.41999816894531
2017-11-06,237.0399932861328,108.98999786376953,16.979999542236328,54.810001373291016,44.59000015258789,114.44999694824219,91.44000244140625
2017-11-13,236.89999389648438,109.30999755859375,16.934999465942383,54.970001220703125,44.869998931884766,115.23999786376953,91.44000244140625
2017-11-20,239.1199951171875,109.52999877929688,17.2549991607666,55.08000183105469,45.599998474121094,115.81999969482422,91.45999908447266
2017-11-27,242.89999389648438,109.16000366210938,17.139999389648438,55.08000183105469,44.04999923706055,115.41999816894531,91.41999816894531
2017-12-04,243.88999938964844,109.19000244140625,17.1200008392334,55.18000030517578,44.13999938964844,115.52999877929688,91.44999694824219
2017-12-11,246.1199951171875,109.47000122070312,17.145000457763672,55.2599983215332,44.43000030517578,116.05000305175781,91.45999908447266
2017-12-18,247.00999450683594,108.87000274658203,16.954999923706055,54.9900016784668,45.43000030517578,115.73999786376953,91.41000366210938
2017-12-25,245.2899932861328,109.33000183105469,17.03499984741211,54.369998931884766,45.90999984741211,116.0999984741211,91.4000015258789
2018-01-01,251.25,109.04000091552734,17.53499984741211,54.29999923706055,47.86000061035156,116.72000122070312,91.44000244140625
2018-01-08,255.41000366210938,108.73999786376953,17.764999389648438,54.189998626708984,48.470001220703125,116.12999725341797,91.47000122070312
2018-01-15,257.67999267578125,108.18000030517578,17.895000457763672,54.20000076293945,49.45000076293945,115.56999969482422,91.4800033569336
2018-01-22,263.3599853515625,108.37000274658203,18.174999237060547,54.189998626708984,50.97999954223633,116.0199966430664,91.5199966430664
2018-01-29,253.19000244140625,107.19999694824219,17.475000381469727,53.88999938964844,48.2599983215332,114.11000061035156,91.44000244140625
2018-02-05,240.44000244140625,106.76000213623047,16.549999237060547,53.9900016784668,45.63999938964844,111.86000061035156,91.45999908447266
2018-02-12,250.94000244140625,106.80000305175781,17.235000610351562,54.029998779296875,48.29999923706055,112.8499984741211,91.4800033569336
2018-02-19,252.49000549316406,106.62999725341797,17.204999923706055,54.099998474121094,48.650001525878906,112.68000030517578,91.5
2018-02-26,247.36000061035156,106.45999908447266,16.739999771118164,54.130001068115234,47.279998779296875,112.16999816894531,91.44999694824219
2018-03-05,256.25,106.37000274658203,17.100000381469727,54.20000076293945,48.43000030517578,112.27999877929688,91.45999908447266
2018-03-12,252.99000549316406,106.69999694824219,17.020000457763672,54.43000030517578,47.849998474121094,112.2300033569336,91.4800033569336
2018-03-19,238.08999633789062,106.61000061035156,16.415000915527344,54.560001373291016,45.869998931884766,111.08999633789062,91.51000213623047
2018-03-26,242.0800018310547,107.25,16.854999542236328,54.72999954223633,46.97999954223633,112.81999969482422,91.55000305175781
2018-04-02,238.6199951171875,106.91000366210938,16.7450008392334,54.68000030517578,46.15999984741211,112.56999969482422,91.45999908447266
2018-04-09,243.60000610351562,106.80000305175781,17.075000762939453,54.650001525878906,46.540000915527344,112.41000366210938,91.4800033569336
2018-04-16,245.0,106.0,17.139999389648438,54.52000045776367,46.13999938964844,111.1500015258789,91.51000213623047
2018-04-23,244.9199981689453,105.9800033569336,17.155000686645508,54.599998474121094,45.9900016784668,110.48999786376953,91.55000305175781
2018-04-30,244.41000366210938,105.86000061035156,17.1200008392334,54.61000061035156,45.20000076293945,108.62999725341797,91.47000122070312
2018-05-07,250.47000122070312,105.86000061035156,17.34000015258789,54.54999923706055,46.11000061035156,109.16999816894531,91.4800033569336
2018-05-14,249.25999450683594,105.30000305175781,17.21500015258789,54.34000015258789,44.95000076293945,107.91000366210938,91.5199966430664
2018-05-21,250.0399932861328,106.12000274658203,17.0,54.470001220703125,45.16999816894531,109.62000274658203,91.55999755859375
2018-05-28,251.41000366210938,106.08000183105469,16.93000030517578,54.369998931884766,45.11000061035156,108.0,91.44999694824219
2018-06-04,255.57000732421875,105.75,17.05500030517578,54.11000061035156,45.099998474121094,107.69000244140625,91.4800033569336
2018-06-11,255.8300018310547,105.87999725341797,16.915000915527344,54.5099983215332,44.20000076293945,106.77999877929688,91.51000213623047
2018-06-18,253.57000732421875,105.94000244140625,16.719999313354492,54.7400016784668,42.790000915527344,107.4000015258789,91.52999877929688
2018-06-25,249.50999450683594,106.31999969482422,16.524999618530273,54.709999084472656,42.20000076293945,106.7699966430664,91.58000183105469
2018-07-02,253.00999450683594,106.41999816894531,16.639999389648438,54.79999923706055,42.25,108.26000213623047,91.4800033569336
2018-07-09,256.7900085449219,106.51000213623047,16.69499969482422,54.90999984741211,42.79999923706055,109.06999969482422,91.5
2018-07-16,256.9800109863281,106.2699966430664,16.7549991607666,54.88999938964844,42.90999984741211,108.55999755859375,91.54000091552734
2018-07-23,258.5899963378906,106.08000183105469,16.940000534057617,54.709999084472656,43.7400016784668,109.56999969482422,91.56999969482422
2018-07-30,260.6600036621094,105.97000122070312,16.78499984741211,54.56999969482422,43.31999969482422,108.30999755859375,91.45999908447266
2018-08-06,260.1199951171875,106.2300033569336,16.454999923706055,54.72999954223633,42.36000061035156,106.37000274658203,91.5
2018-08-13,261.8599853515625,106.45999908447266,16.375,54.75,41.34000015258789,107.0199966430664,91.5199966430664
2018-08-20,264.20001220703125,106.7300033569336,16.614999771118164,54.7400016784668,42.18000030517578,107.4000015258789,91.55999755859375
2018-08-27,266.7200012207031,106.41000366210938,16.6200008392334,54.720001220703125,42.040000915527344,106.0999984741211,91.58999633789062
2018-09-03,264.17999267578125,105.80999755859375,16.149999618530273,54.70000076293945,40.459999084472656,105.5999984741211,91.48999786376953
2018-09-10,267.3599853515625,105.66999816894531,16.454999923706055,54.619998931884766,40.7400016784668,106.69000244140625,91.51000213623047
2018-09-17,269.55999755859375,105.45999908447266,16.90999984741211,54.599998474121094,41.79999923706055,107.23999786376953,91.55000305175781
2018-09-24,267.04998779296875,105.5199966430664,16.764999389648438,54.540000915527344,41.0,107.80999755859375,91.58000183105469
2018-10-01,264.5400085449219,104.33000183105469,16.3799991607666,54.130001068115234,39.220001220703125,105.83999633789062,91.4800033569336
2018-10-08,253.60000610351562,104.75,15.729999542236328,54.2400016784668,38.720001220703125,105.80999755859375,91.5
2018-10-15,253.85000610351562,104.37000274658203,15.710000038146973,54.400001525878906,38.09000015258789,105.45999908447266,91.52999877929688
2018-10-22,243.75999450683594,104.9000015258789,15.109999656677246,54.689998626708984,37.40999984741211,105.44000244140625,91.58000183105469
2018-10-29,249.80999755859375,104.02999877929688,15.574999809265137,54.470001220703125,39.36000061035156,104.58000183105469,91.45999908447266
2018-11-05,255.33999633789062,104.13999938964844,15.595000267028809,54.5099983215332,38.45000076293945,104.61000061035156,91.51000213623047
2018-11-12,251.49000549316406,104.66000366210938,15.479999542236328,54.529998779296875,39.59000015258789,104.02999877929688,91.54000091552734
2018-11-19,242.00999450683594,104.6500015258789,15.1850004196167,54.650001525878906,38.59000015258789,102.93000030517578,91.56999969482422
2018-11-26,253.47999572753906,104.87999725341797,15.4350004196167,54.7599983215332,39.689998626708984,103.69000244140625,91.61000061035156
2018-12-03,242.25999450683594,105.4800033569336,14.954999923706055,54.97999954223633,38.619998931884766,104.06999969482422,91.48999786376953
2018-12-10,239.3800048828125,105.55999755859375,14.425000190734863,55.040000915527344,38.709999084472656,104.6500015258789,91.52999877929688
2018-12-17,221.16000366210938,105.79000091552734,13.880000114440918,55.09000015258789,37.869998931884766,102.94999694824219,91.41000366210938
2018-12-24,227.75999450683594,106.22000122070312,14.140000343322754,54.15999984741211,38.16999816894531,103.55000305175781,91.44999694824219
2018-12-31,231.91000366210938,106.69000244140625,14.4399995803833,54.27000045776367,38.86000061035156,105.13999938964844,91.48999786376953
2019-01-07,237.88999938964844,106.55000305175781,14.755000114440918,54.209999084472656,39.779998779296875,105.5199966430664,91.5199966430664
2019-01-14,244.9199981689453,106.3499984741211,15.020000457763672,54.369998931884766,40.54999923706055,106.72000122070312,91.55999755859375
2019-01-21,244.32000732421875,106.68000030517578,15.0649995803833,54.630001068115234,41.0,107.69999694824219,91.58999633789062
2019-01-28,248.22000122070312,106.97000122070312,15.194999694824219,54.72999954223633,41.470001220703125,108.58999633789062,91.44999694824219
2019-02-04,248.64999389648438,107.33999633789062,15.03499984741211,54.88999938964844,40.97999954223633,107.69999694824219,91.5
2019-02-11,254.97999572753906,107.30000305175781,15.404999732971191,54.900001525878906,40.86000061035156,108.2300033569336,91.52999877929688
2019-02-18,256.6099853515625,107.4000015258789,15.555000305175781,55.029998779296875,41.84000015258789,108.7699966430664,91.58000183105469
2019-02-25,257.8299865722656,106.62999725341797,15.640000343322754,54.7599983215332,41.66999816894531,108.04000091552734,91.44999694824219
2019-03-04,252.33999633789062,107.43000030517578,15.34000015258789,55.27000045776367,41.119998931884766,107.98999786376953,91.48999786376953
2019-03-11,259.8500061035156,107.69999694824219,15.725000381469727,55.29999923706055,42.56999969482422,109.04000091552734,91.5199966430664
2019-03-18,256.4599914550781,108.62000274658203,15.545000076293945,55.709999084472656,41.849998474121094,109.43000030517578,91.55999755859375
2019-03-25,259.5400085449219,109.06999969482422,15.654999732971191,55.77000045776367,42.5,110.05999755859375,91.5999984741211
2019-04-01,265.010009765625,108.38999938964844,15.994999885559082,55.61000061035156,43.849998474121094,110.0199966430664,91.47000122070312
2019-04-08,266.4800109863281,108.2699966430664,16.059999465942383,55.61000061035156,43.72999954223633,109.45999908447266,91.51000213623047
2019-04-15,266.3399963378906,108.19000244140625,16.104999542236328,55.59000015258789,44.0099983215332,109.51000213623047,91.55000305175781
2019-04-22,269.5,108.70999908447266,16.020000457763672,55.779998779296875,43.459999084472656,109.52999877929688,91.58000183105469
2019-04-29,270.04998779296875,108.33999633789062,16.135000228881836,55.75,43.790000915527344,109.7699966430664,91.44999694824219
2019-05-06,264.5199890136719,108.66999816894531,15.71500015258789,55.810001373291016,41.689998626708984,109.33000183105469,91.5
2019-05-13,262.6099853515625,109.02999877929688,15.59000015258789,56.040000915527344,40.06999969482422,108.95999908447266,91.52999877929688
2019-05-20,259.69000244140625,109.41000366210938,15.5600004196167,56.20000076293945,39.849998474121094,109.4800033569336,91.58000183105469
2019-05-27,252.8699951171875,110.4000015258789,15.265000343322754,56.470001220703125,40.63999938964844,109.88999938964844,91.62000274658203
2019-06-03,264.1499938964844,110.52999877929688,15.78499984741211,56.81999969482422,40.869998931884766,111.48999786376953,91.4800033569336
2019-06-10,265.6199951171875,110.56999969482422,15.6899995803833,56.91999816894531,40.7599983215332,111.2699966430664,91.54000091552734
2019-06-17,271.4100036621094,111.12000274658203,16.09000015258789,57.18000030517578,42.34000015258789,112.83000183105469,91.56999969482422
2019-06-24,269.1499938964844,111.3499984741211,16.045000076293945,57.29999923706055,42.529998779296875,113.29000091552734,91.61000061035156
2019-07-01,273.9700012207031,111.08999633789062,16.145000457763672,57.560001373291016,42.83000183105469,113.3499984741211,91.47000122070312
2019-07-08,276.1099853515625,110.79000091552734,16.049999237060547,57.220001220703125,42.7400016784668,113.0,91.5199966430664
2019-07-15,272.95001220703125,111.16999816894531,15.989999771118164,57.68000030517578,42.75,113.33999633789062,91.55999755859375
2019-07-22,277.3800048828125,111.20999908447266,15.989999771118164,57.83000183105469,42.619998931884766,114.12000274658203,91.58000183105469
2019-07-29,268.80999755859375,111.94999694824219,15.53499984741211,58.16999816894531,40.61000061035156,113.68000030517578,91.4800033569336
2019-08-05,267.70001220703125,112.63999938964844,15.369999885559082,58.459999084472656,40.09000015258789,114.43000030517578,91.5
2019-08-12,265.2200012207031,113.66999816894531,15.199999809265137,59.08000183105469,39.7400016784668,114.0199966430664,91.55000305175781
2019-08-19,261.57000732421875,113.77999877929688,15.125,58.88999938964844,39.27000045776367,114.02999877929688,91.56999969482422
2019-08-26,268.6000061035156,114.12999725341797,15.4350004196167,59.130001068115234,40.400001525878906,115.0199966430664,91.61000061035156
2019-09-02,273.739990234375,113.66999816894531,15.755000114440918,58.880001068115234,41.290000915527344,115.37999725341797,91.47000122070312
2019-09-09,276.5799865722656,111.75,16.09000015258789,58.15999984741211,42.189998626708984,112.61000061035156,91.5
2019-09-16,275.04998779296875,112.91999816894531,16.014999389648438,58.65999984741211,41.5,114.47000122070312,91.54000091552734
2019-09-23,271.260009765625,113.13999938964844,15.885000228881836,58.880001068115234,40.13999938964844,113.2300033569336,91.58000183105469
2019-09-30,270.3699951171875,113.81999969482422,15.694999694824219,58.90999984741211,40.459999084472656,113.91999816894531,91.4800033569336
2019-10-07,272.1300048828125,112.7300033569336,16.010000228881836,58.31999969482422,41.08000183105469,112.91000366210938,91.5199966430664
2019-10-14,273.69000244140625,112.80000305175781,16.174999237060547,58.27000045776367,41.400001525878906,113.27999877929688,91.54000091552734
2019-10-21,277.0400085449219,112.62000274658203,16.354999542236328,58.27000045776367,41.93000030517578,113.44999694824219,91.56999969482422
2019-10-28,281.20001220703125,112.93000030517578,16.59000015258789,58.31999969482422,42.5,113.5999984741211,91.45999908447266
2019-11-04,283.79998779296875,111.80999755859375,16.69499969482422,57.81999969482422,42.849998474121094,112.36000061035156,91.48999786376953
2019-11-11,286.42999267578125,112.41000366210938,16.704999923706055,58.04999923706055,42.279998779296875,112.55000305175781,91.5
2019-11-18,285.6499938964844,112.87000274658203,16.579999923706055,58.16999816894531,42.22999954223633,112.2699966430664,91.52999877929688
2019-11-25,288.6499938964844,112.86000061035156,16.635000228881836,58.15999984741211,42.060001373291016,112.12000274658203,91.55999755859375
2019-12-02,289.19000244140625,112.5199966430664,16.75,57.93000030517578,42.650001525878906,112.30000305175781,91.47000122070312
2019-12-09,291.44000244140625,112.80999755859375,16.639999389648438,58.099998474121094,43.689998626708984,113.77999877929688,91.4800033569336
2019-12-16,296.29998779296875,112.31999969482422,16.739999771118164,57.970001220703125,44.70000076293945,113.94000244140625,91.41000366210938
2019-12-23,296.6700134277344,112.62999725341797,16.860000610351562,56.709999084472656,44.61000061035156,114.73999786376953,91.41999816894531
2019-12-30,296.239990234375,113.01000213623047,16.770000457763672,56.88999938964844,44.720001220703125,114.41000366210938,91.45999908447266
2020-01-06,299.260009765625,112.9800033569336,16.825000762939453,56.810001373291016,45.27000045776367,114.5999984741211,91.4800033569336
2020-01-13,305.05999755859375,113.05000305175781,17.059999465942383,56.810001373291016,45.90999984741211,115.20999908447266,91.5
2020-01-20,302.0299987792969,113.79000091552734,16.860000610351562,57.2599983215332,44.290000915527344,114.77999877929688,91.5199966430664
2020-01-27,295.69000244140625,114.6500015258789,16.334999084472656,57.650001525878906,42.0099983215332,115.9800033569336,91.54000091552734
2020-02-03,305.3299865722656,114.22000122070312,16.725000381469727,57.5099983215332,42.95000076293945,115.72000122070312,91.47000122070312
2020-02-10,310.2799987792969,114.29000091552734,16.80500030517578,57.540000915527344,43.77000045776367,116.3499984741211,91.48999786376953
2020-02-17,306.489990234375,114.9000015258789,16.559999465942383,57.86000061035156,43.220001220703125,117.01000213623047,91.5199966430664
2020-02-24,271.739990234375,116.22000122070312,15.130000114440918,57.9900016784668,40.52000045776367,114.12000274658203,91.54000091552734
2020-03-02,273.19000244140625,117.86000061035156,15.005000114440918,58.400001525878906,40.11000061035156,115.30000305175781,91.55000305175781
2020-03-09,247.63999938964844,111.86000061035156,12.845000267028809,56.70000076293945,35.900001525878906,100.05999755859375,91.62000274658203
2020-03-16,210.74000549316406,110.02999877929688,11.345000267028809,55.310001373291016,31.1200008392334,91.08999633789062,91.66000366210938
2020-03-23,232.86000061035156,115.56999969482422,12.725000381469727,56.439998626708984,32.90999984741211,97.55000305175781,91.62000274658203
2020-03-30,228.02000427246094,114.9800033569336,12.3100004196167,56.150001525878906,32.66999816894531,95.5999984741211,91.55000305175781
2020-04-06,255.6699981689453,117.25,13.430000305175781,56.56999969482422,34.81999969482422,101.3499984741211,91.52999877929688
2020-04-13,263.6099853515625,117.25,13.5,56.869998931884766,35.630001068115234,99.8499984741211,91.55999755859375
2020-04-20,260.1400146484375,117.36000061035156,13.354999542236328,57.04999923706055,35.09000015258789,97.94999694824219,91.55000305175781
2020-04-27,259.82000732421875,116.87000274658203,13.40999984741211,57.18000030517578,34.959999084472656,99.69000244140625,91.52999877929688
2020-05-04,268.7799987792969,116.45999908447266,13.78499984741211,57.13999938964844,36.5,101.6500015258789,91.52999877929688
2020-05-11,263.0400085449219,117.02999877929688,13.404999732971191,57.150001525878906,35.7599983215332,102.16000366210938,91.52999877929688
2020-05-18,271.54998779296875,117.44000244140625,13.824999809265137,57.36000061035156,36.119998931884766,105.51000213623047,91.52999877929688
2020-05-25,279.75,117.6500015258789,14.460000038146973,57.470001220703125,37.36000061035156,106.4000015258789,91.52999877929688
2020-06-01,293.6099853515625,116.9000015258789,15.515000343322754,57.130001068115234,40.27000045776367,108.45999908447266,91.5199966430664
2020-06-08,279.6499938964844,117.58000183105469,14.875,57.5,39.380001068115234,107.69000244140625,91.54000091552734
2020-06-15,284.9700012207031,117.80000305175781,15.020000457763672,57.63999938964844,39.810001373291016,108.73999786376953,91.52999877929688
2020-06-22,277.1099853515625,118.01000213623047,14.75,57.720001220703125,39.54999923706055,108.66000366210938,91.52999877929688
2020-06-29,286.80999755859375,118.19000244140625,15.074999809265137,57.63999938964844,41.09000015258789,109.72000122070312,91.54000091552734
2020-07-06,291.79998779296875,118.48999786376953,15.194999694824219,57.79999923706055,43.08000183105469,109.76000213623047,91.54000091552734
2020-07-13,295.54998779296875,118.87999725341797,15.489999771118164,57.83000183105469,42.5099983215332,110.69999694824219,91.54000091552734
2020-07-20,294.82000732421875,119.27999877929688,15.4399995803833,58.040000915527344,42.880001068115234,112.38999938964844,91.52999877929688
2020-07-27,300.1000061035156,119.55999755859375,15.234999656677246,58.22999954223633,43.0099983215332,113.08999633789062,91.54000091552734
2020-08-03,307.3599853515625,119.43000030517578,15.645000457763672,58.150001525878906,43.439998626708984,114.16999816894531,91.54000091552734
2020-08-10,309.510009765625,118.19999694824219,15.925000190734863,57.790000915527344,43.689998626708984,113.31999969482422,91.52999877929688
2020-08-17,311.92999267578125,118.68000030517578,15.824999809265137,58.04999923706055,43.970001220703125,113.66000366210938,91.54000091552734
2020-08-24,322.1499938964844,118.11000061035156,16.104999542236328,57.779998779296875,45.13999938964844,113.58999633789062,91.54000091552734
2020-08-31,314.82000732421875,118.0999984741211,15.885000228881836,57.900001525878906,44.09000015258789,113.41000366210938,91.54000091552734
2020-09-07,306.9800109863281,118.37000274658203,15.9399995803833,58.06999969482422,43.4900016784668,113.25,91.5199966430664
2020-09-14,305.0,118.22000122070312,16.040000915527344,58.119998931884766,44.119998931884766,112.29000091552734,91.5199966430664
2020-09-21,303.2799987792969,118.12999725341797,15.550000190734863,58.20000076293945,42.150001525878906,110.3499984741211,91.5199966430664
2020-09-28,306.7200012207031,117.9000015258789,15.765000343322754,58.209999084472656,43.13999938964844,110.33999633789062,91.5199966430664
2020-10-05,318.5799865722656,117.72000122070312,16.19499969482422,58.2400016784668,44.880001068115234,112.44000244140625,91.5199966430664
2020-10-12,318.989990234375,117.88999938964844,15.960000038146973,58.47999954223633,44.7400016784668,112.12999725341797,91.52999877929688
2020-10-19,317.6499938964844,117.47000122070312,16.030000686645508,58.27000045776367,45.36000061035156,110.97000122070312,91.52999877929688
2020-10-26,299.82000732421875,117.19999694824219,15.15999984741211,58.34000015258789,43.810001373291016,110.0199966430664,91.52999877929688
2020-11-02,321.75,117.80000305175781,16.31999969482422,58.41999816894531,46.869998931884766,112.76000213623047,91.5199966430664
2020-11-09,329.010009765625,117.63999938964844,17.03499984741211,58.290000915527344,47.130001068115234,113.83000183105469,91.52999877929688
2020-11-16,326.489990234375,118.29000091552734,17.325000762939453,58.52000045776367,47.900001525878906,114.12000274658203,91.52999877929688
2020-11-23,334.1400146484375,118.26000213623047,17.684999465942383,58.54999923706055,48.7599983215332,114.47000122070312,91.52999877929688
2020-11-30,339.80999755859375,117.58999633789062,17.954999923706055,58.38999938964844,49.34000015258789,114.77999877929688,91.52999877929688
2020-12-07,336.54998779296875,118.02999877929688,17.6299991607666,58.75,49.22999954223633,114.91999816894531,91.5199966430664
2020-12-14,340.6400146484375,117.79000091552734,17.90999984741211,58.54999923706055,50.029998779296875,115.22000122070312,91.5199966430664
2020-12-21,339.1600036621094,117.98999786376953,17.850000381469727,58.459999084472656,48.91999816894531,115.48999786376953,91.5199966430664
2020-12-28,343.69000244140625,118.19000244140625,18.0049991607666,58.54999923706055,50.11000061035156,115.91000366210938,91.5199966430664
2021-01-04,350.4200134277344,117.08000183105469,18.764999389648438,58.38999938964844,52.459999084472656,114.54000091552734,91.51000213623047
2021-01-11,345.3699951171875,117.25,18.420000076293945,58.34000015258789,52.5,113.43000030517578,91.5199966430664
2021-01-18,351.8999938964844,117.25,18.579999923706055,58.220001220703125,54.0,113.8499984741211,91.51000213623047
2021-01-25,340.17999267578125,117.30999755859375,17.8700008392334,58.18000030517578,51.68000030517578,113.8499984741211,91.5199966430664
2021-02-01,356.44000244140625,116.70999908447266,18.510000228881836,58.02000045776367,54.5,114.22000122070312,91.5199966430664
2021-02-08,361.04998779296875,116.58000183105469,18.90999984741211,57.849998474121094,56.189998626708984,113.4800033569336,91.51000213623047
2021-02-15,358.5899963378906,115.83999633789062,18.895000457763672,57.380001068115234,56.060001373291016,111.98999786376953,91.5199966430664
2021-02-22,349.5899963378906,115.33999633789062,18.309999465942383,57.16999816894531,52.4900016784668,110.02999877929688,91.51000213623047
2021-03-01,352.69000244140625,114.27999877929688,18.5049991607666,57.15999984741211,52.599998474121094,108.5999984741211,91.51000213623047
2021-03-08,362.3599853515625,113.79000091552734,18.915000915527344,57.130001068115234,52.869998931884766,108.45999908447266,91.5
2021-03-15,359.2300109863281,113.51000213623047,18.94499969482422,57.08000183105469,52.810001373291016,109.29000091552734,91.5
2021-03-22,364.010009765625,113.91000366210938,18.979999542236328,57.290000915527344,51.900001525878906,109.26000213623047,91.5
2021-03-29,368.1600036621094,114.04000091552734,19.075000762939453,57.150001525878906,52.52000045776367,109.38999938964844,91.51000213623047
2021-04-05,378.25,114.18000030517578,19.344999313354492,57.16999816894531,52.20000076293945,109.58000183105469,91.48999786376953
2021-04-12,383.6300048828125,114.54000091552734,19.665000915527344,57.150001525878906,52.779998779296875,111.22000122070312,91.5
2021-04-19,383.0299987792969,114.75,19.579999923706055,57.18000030517578,53.310001373291016,111.43000030517578,91.5
2021-04-26,383.57000732421875,114.48999786376953,19.3700008392334,56.970001220703125,52.97999954223633,111.13999938964844,91.5
2021-05-03,388.0299987792969,114.61000061035156,19.954999923706055,56.91999816894531,53.5,111.5999984741211,91.48999786376953
2021-05-10,382.95001220703125,114.30000305175781,19.735000610351562,56.709999084472656,51.79999923706055,111.2300033569336,91.4800033569336
2021-05-17,381.4700012207031,114.33999633789062,19.854999542236328,56.72999954223633,52.06999969482422,111.19000244140625,91.48999786376953
2021-05-24,386.1300048828125,114.55000305175781,20.065000534057617,56.93000030517578,53.880001068115234,111.86000061035156,91.48999786376953
2021-05-31,388.5,114.68000030517578,20.309999465942383,56.9900016784668,55.0099983215332,112.01000213623047,91.48999786376953
2021-06-07,390.0899963378906,115.2300033569336,20.360000610351562,57.290000915527344,54.65999984741211,112.9000015258789,91.4800033569336
2021-06-14,382.82000732421875,115.29000091552734,19.7549991607666,57.08000183105469,53.65999984741211,112.2699966430664,91.4800033569336
2021-06-21,393.5,114.86000061035156,19.989999771118164,56.95000076293945,54.560001373291016,112.12999725341797,91.4800033569336
2021-06-28,398.75,115.36000061035156,19.84000015258789,57.209999084472656,53.959999084472656,112.12000274658203,91.47000122070312
2021-07-05,400.3699951171875,115.68000030517578,19.834999084472656,57.31999969482422,52.97999954223633,112.1500015258789,91.47000122070312
2021-07-12,396.6099853515625,115.9000015258789,19.540000915527344,57.619998931884766,52.9900016784668,112.5,91.47000122070312
2021-07-19,404.3800048828125,116.20999908447266,19.739999771118164,57.810001373291016,51.959999084472656,112.66000366210938,91.45999908447266
2021-07-26,403.1499938964844,116.45999908447266,19.790000915527344,57.90999984741211,51.11000061035156,112.7300033569336,91.45999908447266
2021-08-02,406.8599853515625,115.79000091552734,20.010000228881836,57.86000061035156,51.27000045776367,111.95999908447266,91.47000122070312
2021-08-09,409.9599914550781,115.97000122070312,20.200000762939453,57.939998626708984,51.38999938964844,112.31999969482422,91.47000122070312
2021-08-16,407.6099853515625,116.16000366210938,19.674999237060547,58.0,49.349998474121094,112.0999984741211,91.47000122070312
2021-08-23,413.8599853515625,116.0999984741211,20.040000915527344,57.81999969482422,51.45000076293945,113.05000305175781,91.45999908447266
2021-08-30,416.57000732421875,115.8499984741211,20.395000457763672,57.61000061035156,52.88999938964844,113.18000030517578,91.44999694824219
2021-09-06,409.5799865722656,115.87000274658203,20.125,57.52000045776367,52.529998779296875,112.9000015258789,91.45999908447266
2021-09-13,407.0799865722656,115.87000274658203,19.959999084472656,57.34000015258789,51.45000076293945,112.5,91.44999694824219
2021-09-20,409.4599914550781,115.41000366210938,19.895000457763672,57.13999938964844,50.38999938964844,110.94000244140625,91.44999694824219
2021-09-27,399.1199951171875,115.0,19.405000686645508,57.02000045776367,50.040000915527344,109.69000244140625,91.45999908447266
2021-10-04,402.489990234375,114.12999725341797,19.375,56.65999984741211,50.790000915527344,108.8499984741211,91.44999694824219
2021-10-11,409.92999267578125,114.56999969482422,19.864999771118164,56.84000015258789,51.79999923706055,109.93000030517578,91.44999694824219
2021-10-18,416.5899963378906,114.05999755859375,19.9950008392334,56.65999984741211,51.779998779296875,109.51000213623047,91.44000244140625
2021-10-25,422.1600036621094,114.63999938964844,19.979999542236328,56.66999816894531,50.65999984741211,109.88999938964844,91.44999694824219
2021-11-01,430.7099914550781,115.22000122070312,20.28499984741211,57.220001220703125,50.88999938964844,110.81999969482422,91.44000244140625
2021-11-08,429.57000732421875,114.31999969482422,20.200000762939453,57.0099983215332,52.08000183105469,109.58000183105469,91.44000244140625
2021-11-15,431.04998779296875,114.44999694824219,19.94499969482422,57.220001220703125,51.060001373291016,109.41000366210938,91.44000244140625
2021-11-22,422.1400146484375,114.5199966430664,19.174999237060547,57.150001525878906,49.040000915527344,106.56999969482422,91.43000030517578
2021-11-29,416.8399963378906,115.06999969482422,19.170000076293945,57.369998931884766,49.04999923706055,108.63999938964844,91.43000030517578
2021-12-06,432.8500061035156,114.2300033569336,19.239999771118164,57.310001373291016,50.22999954223633,109.11000061035156,91.44000244140625
2021-12-13,424.3900146484375,114.5,18.96500015258789,57.400001525878906,48.959999084472656,108.4800033569336,91.44000244140625
2021-12-20,432.6400146484375,114.19999694824219,19.40999984741211,55.36000061035156,49.18000030517578,108.5,91.41999816894531
2021-12-27,436.57000732421875,114.08000183105469,19.434999465942383,55.15999984741211,49.459999084472656,109.05999755859375,91.43000030517578
2022-01-03,428.5899963378906,112.48999786376953,19.475000381469727,54.779998779296875,49.400001525878906,106.58000183105469,91.43000030517578
2022-01-10,427.2300109863281,112.16999816894531,19.55500030517578,54.77000045776367,50.689998626708984,104.93000030517578,91.43000030517578
2022-01-17,402.69000244140625,112.2300033569336,18.895000457763672,54.7599983215332,49.65999984741211,105.58999633789062,91.41999816894531
2022-01-24,406.260009765625,111.80999755859375,18.485000610351562,54.599998474121094,48.130001068115234,105.41000366210938,91.41000366210938
2022-01-31,412.5199890136719,110.56999969482422,18.829999923706055,53.79999923706055,49.47999954223633,104.3499984741211,91.41000366210938
2022-02-07,404.94000244140625,110.0999984741211,18.774999618530273,53.5,49.61000061035156,102.36000061035156,91.41000366210938
2022-02-14,399.2900085449219,109.87000274658203,18.68000030517578,53.59000015258789,49.689998626708984,103.0,91.41999816894531
2022-02-21,402.3699951171875,109.56999969482422,18.530000686645508,53.310001373291016,48.369998931884766,100.16999816894531,91.41000366210938
2022-02-28,397.3399963378906,110.30000305175781,17.354999542236328,54.060001373291016,45.779998779296875,94.61000061035156,91.41999816894531
2022-03-07,386.1600036621094,108.41000366210938,17.209999084472656,53.02000045776367,43.86000061035156,95.01000213623047,91.41000366210938
2022-03-14,409.8900146484375,108.0999984741211,18.399999618530273,52.83000183105469,46.5,97.55000305175781,91.41000366210938
2022-03-21,416.1199951171875,106.0999984741211,18.399999618530273,52.22999954223633,46.09000015258789,95.91000366210938,91.41000366210938
2022-03-28,416.32000732421875,106.75,18.510000228881836,52.31999969482422,47.0099983215332,97.7300033569336,91.43000030517578
2022-04-04,411.5299987792969,104.7300033569336,18.145000457763672,51.689998626708984,46.220001220703125,95.12999725341797,91.41000366210938
2022-04-11,402.5199890136719,103.97000122070312,17.950000762939453,51.349998474121094,45.45000076293945,93.70999908447266,91.41000366210938
2022-04-18,391.6600036621094,102.94000244140625,17.549999237060547,51.029998779296875,43.58000183105469,92.08999633789062,91.41999816894531
2022-04-25,378.70001220703125,102.87000274658203,17.104999542236328,50.83000183105469,43.439998626708984,90.87999725341797,91.41999816894531
2022-05-02,378.1000061035156,101.56999969482422,16.809999465942383,50.27000045776367,41.93000030517578,89.3499984741211,91.44000244140625
2022-05-09,369.1600036621094,102.51000213623047,16.69499969482422,50.84000015258789,41.47999954223633,89.30000305175781,91.44999694824219
2022-05-16,358.0199890136719,103.16000366210938,16.889999389648438,50.720001220703125,42.18000030517578,89.62999725341797,91.45999908447266
2022-05-23,381.79998779296875,104.12999725341797,17.524999618530273,50.83000183105469,43.040000915527344,91.72000122070312,91.45999908447266
2022-05-30,377.44000244140625,102.81999969482422,17.360000610351562,50.02000045776367,43.439998626708984,91.01000213623047,91.41999816894531
2022-06-06,358.2699890136719,101.26000213623047,16.5049991607666,49.189998626708984,42.77000045776367,87.22000122070312,91.41999816894531
2022-06-13,337.95001220703125,100.33999633789062,15.649999618530273,48.81999969482422,41.45000076293945,85.93000030517578,91.44000244140625
2022-06-20,360.0,101.05000305175781,16.020000457763672,49.220001220703125,42.189998626708984,86.48999786376953,91.44999694824219
2022-06-27,350.44000244140625,102.33999633789062,15.75,49.810001373291016,41.400001525878906,86.1500015258789,91.43000030517578
2022-07-04,357.2900085449219,101.2300033569336,15.699999809265137,49.58000183105469,41.540000915527344,84.62999725341797,91.41999816894531
2022-07-11,354.010009765625,102.25,15.420000076293945,50.119998931884766,40.11000061035156,82.69999694824219,91.41999816894531
2022-07-18,363.25,103.36000061035156,15.9350004196167,50.41999816894531,40.779998779296875,86.01000213623047,91.45999908447266
2022-07-25,378.7900085449219,104.06999969482422,16.530000686645508,51.09000015258789,41.31999969482422,88.0199966430664,91.47000122070312
2022-08-01,379.9800109863281,102.70999908447266,16.350000381469727,50.970001220703125,41.380001068115234,88.47000122070312,91.41999816894531
2022-08-08,392.6700134277344,103.12000274658203,16.80500030517578,50.869998931884766,42.540000915527344,90.16999816894531,91.44999694824219
2022-08-15,388.1199951171875,101.98999786376953,16.295000076293945,50.13999938964844,41.560001373291016,86.80000305175781,91.48999786376953
2022-08-22,372.510009765625,101.61000061035156,15.835000038146973,49.65999984741211,41.77000045776367,86.54000091552734,91.5199966430664
2022-08-29,360.45001220703125,100.36000061035156,15.260000228881836,49.290000915527344,40.61000061035156,85.08000183105469,91.44000244140625
2022-09-05,373.75,99.77999877929688,15.734999656677246,48.709999084472656,41.02000045776367,86.12999725341797,91.47000122070312
2022-09-12,355.8599853515625,98.83000183105469,15.220000267028809,48.810001373291016,39.66999816894531,84.19999694824219,91.51000213623047
2022-09-19,339.6300048828125,97.19999694824219,14.305000305175781,48.060001373291016,37.52000045776367,81.91999816894531,91.55999755859375
2022-09-26,328.29998779296875,96.33999633789062,14.0649995803833,47.72999954223633,36.4900016784668,79.4000015258789,91.5999984741211
2022-10-03,333.3299865722656,95.7699966430664,14.274999618530273,47.470001220703125,37.13999938964844,79.19000244140625,91.47000122070312
2022-10-10,328.6499938964844,94.66000366210938,14.0600004196167,47.099998474121094,35.65999984741211,77.80000305175781,91.51000213623047
2022-10-17,343.8999938964844,93.7699966430664,14.5600004196167,47.08000183105469,36.75,77.94000244140625,91.55999755859375
2022-10-24,357.3800048828125,95.22000122070312,15.015000343322754,48.0,35.58000183105469,80.13999938964844,91.58999633789062
2022-10-31,345.82000732421875,94.33999633789062,15.25,47.66999816894531,37.529998779296875,80.41000366210938,91.47000122070312
2022-11-07,366.1600036621094,96.51000213623047,16.43000030517578,48.33000183105469,38.939998626708984,83.5,91.5199966430664
2022-11-14,363.989990234375,97.0,16.315000534057617,48.5,38.970001220703125,83.58999633789062,91.58000183105469
2022-11-21,369.79998779296875,98.04000091552734,16.670000076293945,48.959999084472656,38.779998779296875,85.41000366210938,91.62999725341797
2022-11-28,374.0,99.29000091552734,16.924999237060547,49.310001373291016,40.66999816894531,87.43000030517578,91.44000244140625
2022-12-05,361.5199890136719,98.79000091552734,16.354999542236328,49.06999969482422,40.16999816894531,86.0999984741211,91.52999877929688
2022-12-12,353.8599853515625,99.3499984741211,16.059999465942383,48.70000076293945,39.5099983215332,85.87000274658203,91.58999633789062
2022-12-19,351.8699951171875,97.97000122070312,16.190000534057617,47.720001220703125,38.75,85.18000030517578,91.41000366210938
2022-12-26,351.3399963378906,96.98999786376953,16.104999542236328,47.43000030517578,38.97999954223633,84.58999633789062,91.47000122070312
2023-01-02,356.5899963378906,99.08999633789062,16.704999923706055,48.29999923706055,40.9900016784668,86.7300033569336,91.48999786376953
2023-01-09,366.2300109863281,99.91999816894531,17.28499984741211,48.52000045776367,42.13999938964844,87.81999969482422,91.58000183105469
2023-01-16,363.7099914550781,100.08999633789062,17.420000076293945,48.709999084472656,42.4900016784668,88.5,91.63999938964844
2023-01-23,372.8699951171875,100.08000183105469,17.59000015258789,48.61000061035156,42.88999938964844,88.61000061035156,91.72000122070312
2023-01-30,378.8500061035156,99.81999969482422,17.524999618530273,48.779998779296875,41.689998626708984,88.31999969482422,91.45999908447266
2023-02-06,375.0199890136719,98.41999816894531,17.354999542236328,48.349998474121094,41.06999969482422,85.86000061035156,91.5199966430664
2023-02-13,374.2200012207031,98.0,17.385000228881836,48.20000076293945,40.709999084472656,85.37000274658203,91.62000274658203
2023-02-20,364.2300109863281,97.12999725341797,16.899999618530273,47.88999938964844,39.459999084472656,85.16999816894531,91.69000244140625
2023-02-27,371.2799987792969,97.08000183105469,17.329999923706055,47.66999816894531,40.689998626708984,85.27999877929688,91.51000213623047
2023-03-06,354.67999267578125,98.08999633789062,16.75,48.29999923706055,39.119998931884766,85.0,91.58000183105469
2023-03-13,359.8800048828125,99.5,16.420000076293945,49.09000015258789,38.7400016784668,84.19999694824219,91.72000122070312
2023-03-20,363.55999755859375,100.16000366210938,16.780000686645508,49.22999954223633,39.709999084472656,85.38999938964844,91.80999755859375
2023-03-27,376.07000732421875,99.63999938964844,17.399999618530273,48.91999816894531,40.400001525878906,86.27999877929688,91.81999969482422
2023-04-03,375.95001220703125,100.44000244140625,17.489999771118164,49.0099983215332,40.4900016784668,86.08999633789062,91.54000091552734
2023-04-10,378.989990234375,99.4000015258789,17.850000381469727,48.54999923706055,40.65999984741211,85.88999938964844,91.62999725341797
2023-04-17,378.5899963378906,99.16999816894531,17.90999984741211,48.5,39.95000076293945,84.81999969482422,91.7300033569336
2023-04-24,382.04998779296875,99.95999908447266,17.8799991607666,48.95000076293945,40.2400016784668,86.1500015258789,91.77999877929688
2023-05-01,378.9700012207031,99.6500015258789,17.969999313354492,48.849998474121094,40.45000076293945,85.38999938964844,91.47000122070312
2023-05-08,378.1499938964844,99.38999938964844,17.764999389648438,48.90999984741211,39.61000061035156,85.20999908447266,91.58000183105469
2023-05-15,384.57000732421875,98.08000183105469,17.90999984741211,48.56999969482422,39.88999938964844,84.16999816894531,91.6500015258789
2023-05-22,385.8699951171875,97.56999969482422,17.565000534057617,48.380001068115234,39.849998474121094,84.25,91.73999786376953
2023-05-29,393.260009765625,98.08999633789062,17.7549991607666,48.7400016784668,40.349998474121094,84.86000061035156,91.45999908447266
2023-06-05,395.0299987792969,97.97000122070312,17.80500030517578,48.689998626708984,40.86000061035156,85.16999816894531,91.55000305175781
2023-06-12,405.25,98.13999938964844,18.239999771118164,48.63999938964844,41.939998626708984,85.79000091552734,91.6500015258789
2023-06-19,399.6099853515625,98.26000213623047,17.450000762939453,48.83000183105469,40.150001525878906,86.05000305175781,91.72000122070312
2023-06-26,407.2799987792969,97.94999694824219,17.825000762939453,48.880001068115234,40.68000030517578,86.54000091552734,91.81999969482422
2023-07-03,402.8900146484375,96.52999877929688,17.475000381469727,48.22999954223633,40.58000183105469,84.58999633789062,91.5199966430664
2023-07-10,412.7699890136719,97.94000244140625,18.19499969482422,48.61000061035156,41.93000030517578,86.94000244140625,91.62000274658203
2023-07-17,415.57000732421875,97.98999786376953,18.219999313354492,48.81999969482422,41.34000015258789,87.0,91.69999694824219
2023-07-24,419.8699951171875,97.55999755859375,18.354999542236328,48.779998779296875,43.02000045776367,87.55999755859375,91.79000091552734
2023-07-31,410.3800048828125,96.68000030517578,17.799999237060547,48.5,41.779998779296875,86.23999786376953,91.5
2023-08-07,409.4100036621094,96.06999969482422,17.770000457763672,48.380001068115234,40.83000183105469,85.83000183105469,91.58999633789062
2023-08-14,401.0899963378906,95.62000274658203,17.204999923706055,48.2400016784668,39.81999969482422,84.16999816894531,91.68000030517578
2023-08-21,404.20001220703125,95.87000274658203,17.295000076293945,48.4900016784668,40.22999954223633,84.87999725341797,91.7699966430664
2023-08-28,414.7099914550781,96.04000091552734,17.655000686645508,48.56999969482422,40.970001220703125,85.1500015258789,91.47000122070312
2023-09-04,409.3900146484375,95.77999877929688,17.354999542236328,48.38999938964844,40.20000076293945,84.70999908447266,91.55000305175781
2023-09-11,408.739990234375,95.48999786376953,17.649999618530273,48.27000045776367,40.540000915527344,84.44000244140625,91.63999938964844
2023-09-18,396.9599914550781,95.05000305175781,17.2450008392334,48.15999984741211,39.650001525878906,83.80999755859375,91.7300033569336
2023-09-25,392.70001220703125,94.04000091552734,16.979999542236328,47.83000183105469,39.209999084472656,82.5199966430664,91.81999969482422
2023-10-02,394.55999755859375,92.75,16.854999542236328,47.4900016784668,39.099998474121094,80.73999786376953,91.52999877929688
2023-10-09,396.4200134277344,93.63999938964844,16.850000381469727,47.959999084472656,39.029998779296875,81.30000305175781,91.62000274658203
2023-10-16,386.989990234375,92.0,16.399999618530273,47.47999954223633,37.900001525878906,80.1500015258789,91.70999908447266
2023-10-23,377.32000732421875,92.58999633789062,16.184999465942383,47.75,37.779998779296875,81.0,91.80999755859375
2023-10-30,399.44000244140625,94.18000030517578,17.174999237060547,48.27000045776367,39.5099983215332,83.5199966430664,91.4800033569336
2023-11-06,404.8599853515625,93.95999908447266,17.040000915527344,48.33000183105469,39.380001068115234,82.77999877929688,91.58000183105469
2023-11-13,414.30999755859375,95.25,17.700000762939453,48.86000061035156,40.38999938964844,84.20999908447266,91.68000030517578
2023-11-20,418.3699951171875,95.1500015258789,17.860000610351562,48.720001220703125,40.599998474121094,84.98999786376953,91.76000213623047
2023-11-27,421.8599853515625,96.83000183105469,18.045000076293945,49.439998626708984,40.79999923706055,86.8499984741211,91.44000244140625
2023-12-04,422.9200134277344,96.88999938964844,17.649999618530273,49.619998931884766,40.209999084472656,86.83999633789062,91.52999877929688
2023-12-11,433.0899963378906,98.69000244140625,17.969999313354492,50.41999816894531,41.06999969482422,88.75,91.62999725341797
2023-12-18,435.2900085449219,98.83000183105469,18.325000762939453,49.400001525878906,40.2599983215332,89.04000091552734,91.30999755859375
2023-12-25,436.79998779296875,99.25,18.479999542236328,49.369998931884766,41.099998474121094,89.05999755859375,91.38999938964844
2024-01-01,429.9800109863281,98.19999694824219,18.19499969482422,48.90999984741211,40.4900016784668,87.16999816894531,91.47000122070312
2024-01-08,437.989990234375,99.0999984741211,18.354999542236328,49.099998474121094,40.40999984741211,88.51000213623047,91.58000183105469
2024-01-15,443.2900085449219,98.0199966430664,18.06999969482422,48.790000915527344,39.630001068115234,87.48999786376953,91.66000366210938
2024-01-22,448.2300109863281,98.06999969482422,18.315000534057617,48.72999954223633,40.15999984741211,87.61000061035156,91.75
2024-01-29,454.2799987792969,98.45999908447266,18.375,48.86000061035156,39.630001068115234,87.63999938964844,91.44000244140625
2024-02-05,460.6700134277344,97.62999725341797,18.424999237060547,48.619998931884766,40.630001068115234,87.48999786376953,91.5199966430664
2024-02-12,459.0299987792969,97.0999984741211,18.600000381469727,48.66999816894531,41.09000015258789,87.19000244140625,91.62999725341797
2024-02-19,466.7799987792969,97.33999633789062,18.915000915527344,48.779998779296875,41.58000183105469,88.1500015258789,91.70999908447266
2024-02-26,471.42999267578125,97.52999877929688,19.03499984741211,48.720001220703125,41.56999969482422,88.43000030517578,91.44999694824219
2024-03-04,470.3900146484375,98.2699966430664,19.34000015258789,49.099998474121094,41.7599983215332,89.20999908447266,91.52999877929688
2024-03-11,470.010009765625,97.0999984741211,19.25,48.79999923706055,41.599998474121094,88.30999755859375,91.62999725341797
2024-03-18,479.17999267578125,97.81999969482422,19.450000762939453,49.16999816894531,41.61000061035156,89.79000091552734,91.70999908447266
2024-03-25,480.70001220703125,97.94000244140625,19.510000228881836,49.189998626708984,41.77000045776367,89.66999816894531,91.80000305175781
2024-04-01,476.489990234375,96.68000030517578,19.329999923706055,48.93000030517578,42.119998931884766,89.25,91.5
2024-04-08,469.57000732421875,95.95999908447266,18.875,48.880001068115234,41.599998474121094,87.94999694824219,91.58000183105469
2024-04-15,455.1000061035156,95.37999725341797,18.604999542236328,48.59000015258789,40.88999938964844,87.5199966430664,91.68000030517578
2024-04-22,467.2099914550781,95.33000183105469,19.014999389648438,48.439998626708984,42.31999969482422,87.61000061035156,91.76000213623047
2024-04-29,469.9800109863281,96.19000244140625,19.260000228881836,48.68000030517578,43.630001068115234,88.58000183105469,91.4800033569336
2024-05-06,478.739990234375,96.23999786376953,19.575000762939453,48.65999984741211,43.459999084472656,88.66000366210938,91.55999755859375
2024-05-13,486.69000244140625,96.7699966430664,19.860000610351562,48.72999954223633,44.88999938964844,89.41000366210938,91.6500015258789
2024-05-20,486.7300109863281,96.58000183105469,19.69499969482422,48.59000015258789,44.20000076293945,88.94000244140625,91.7699966430664
2024-05-27,484.6199951171875,96.5199966430664,19.704999923706055,48.459999084472656,43.08000183105469,89.05000305175781,91.81999969482422
2024-06-03,490.79998779296875,96.62000274658203,19.68000030517578,48.529998779296875,43.220001220703125,88.4800033569336,91.51000213623047
2024-06-10,498.9800109863281,97.91999816894531,19.25,48.95000076293945,43.7599983215332,89.27999877929688,91.62000274658203
2024-06-17,501.7799987792969,97.76000213623047,19.264999389648438,48.93000030517578,43.95000076293945,89.37999725341797,91.69999694824219
2024-06-24,500.1300048828125,97.06999969482422,19.209999084472656,48.66999816894531,43.7599983215332,88.4800033569336,91.77999877929688
2024-07-01,509.8399963378906,97.58000183105469,19.6299991607666,48.7599983215332,44.65999984741211,89.44999694824219,91.48999786376953
2024-07-08,514.5499877929688,98.38999938964844,20.014999389648438,48.9900016784668,45.59000015258789,90.26000213623047,91.58000183105469
2024-07-15,504.54998779296875,98.05000305175781,19.53499984741211,49.08000183105469,43.93000030517578,89.26000213623047,91.66999816894531
2024-07-22,500.3299865722656,98.31999969482422,19.510000228881836,49.22999954223633,43.720001220703125,89.76000213623047,91.7699966430664
2024-07-29,489.9100036621094,100.33000183105469,18.93000030517578,49.880001068115234,43.09000015258789,90.61000061035156,91.47000122070312
2024-08-05,489.82000732421875,99.55000305175781,19.010000228881836,49.7400016784668,43.54999923706055,90.4000015258789,91.54000091552734
2024-08-12,509.45001220703125,100.12000274658203,19.764999389648438,49.849998474121094,44.72999954223633,91.52999877929688,91.6500015258789
2024-08-19,516.6599731445312,100.7699966430664,20.360000610351562,49.959999084472656,45.06999969482422,92.5199966430664,91.7300033569336
2024-08-26,518.0399780273438,100.25,20.385000228881836,49.7599983215332,44.720001220703125,92.0999984741211,91.81999969482422
2024-09-02,496.6400146484375,101.19000244140625,19.600000381469727,50.0,43.5,91.91999816894531,91.52999877929688
2024-09-09,516.5700073242188,101.73999786376953,20.06999969482422,50.279998779296875,44.459999084472656,93.05000305175781,91.62000274658203
2024-09-16,523.8800048828125,101.4800033569336,20.25,50.16999816894531,45.290000915527344,93.55999755859375,91.7300033569336
2024-09-23,525.3800048828125,101.5,20.65999984741211,50.29999923706055,48.25,93.41999816894531,91.80000305175781
2024-09-30,526.6500244140625,99.95999908447266,20.325000762939453,50.040000915527344,49.060001373291016,92.51000213623047,91.51000213623047
2024-10-07,532.7100219726562,99.5,20.260000228881836,49.939998626708984,48.150001525878906,92.05999755859375,91.5999984741211
2024-10-14,537.3599853515625,99.5199966430664,20.209999084472656,50.2400016784668,47.83000183105469,92.3499984741211,91.66999816894531
2024-10-21,532.260009765625,98.58999633789062,19.690000534057617,49.97999954223633,47.040000915527344,91.26000213623047,91.75
2024-10-28,524.9400024414062,97.72000122070312,19.579999923706055,49.689998626708984,46.58000183105469,90.13999938964844,91.4800033569336
2024-11-04,549.9500122070312,98.5,19.559999465942383,49.88999938964844,46.790000915527344,91.76000213623047,91.58000183105469
2024-11-11,538.5,97.66000366210938,19.1200008392334,49.959999084472656,45.119998931884766,90.37000274658203,91.62999725341797
2024-11-18,547.469970703125,97.80999755859375,19.290000915527344,50.040000915527344,45.40999984741211,90.8499984741211,91.72000122070312
2024-11-25,553.4500122070312,99.19999694824219,19.610000610351562,50.54999923706055,45.56999969482422,92.1500015258789,91.77999877929688
2024-12-02,558.8200073242188,99.33000183105469,19.760000228881836,50.61000061035156,46.380001068115234,92.44999694824219,91.55000305175781
2024-12-09,555.6099853515625,97.91999816894531,19.059999465942383,50.290000915527344,46.45000076293945,91.08999633789062,91.63999938964844
2024-12-16,545.0399780273438,96.95999908447266,18.40999984741211,50.150001525878906,44.400001525878906,89.55999755859375,91.33000183105469
2024-12-23,547.0800170898438,96.63999938964844,18.510000228881836,48.90999984741211,44.5,89.30000305175781,91.41000366210938
2024-12-30,544.4000244140625,96.80999755859375,18.559999465942383,48.959999084472656,44.13999938964844,89.5,91.45999908447266
2025-01-06,533.8900146484375,95.94000244140625,18.399999618530273,48.529998779296875,42.810001373291016,88.7699966430664,91.54000091552734
2025-01-13,549.4600219726562,96.91999816894531,18.809999465942383,48.900001525878906,43.79999923706055,89.8499984741211,91.62999725341797
2025-01-20,559.010009765625,97.01000213623047,19.350000381469727,48.880001068115234,44.58000183105469,90.33999633789062,91.69000244140625
2025-01-27,553.3300170898438,97.4000015258789,19.31999969482422,49.16999816894531,44.400001525878906,90.55000305175781,91.75
2025-02-03,552.2000122070312,97.45999908447266,19.450000762939453,49.310001373291016,44.880001068115234,90.6500015258789,91.5
2025-02-10,560.6900024414062,97.69999694824219,19.959999084472656,49.18000030517578,45.880001068115234,90.98999786376953,91.58000183105469
2025-02-17,551.75,98.0199966430664,19.860000610351562,49.20000076293945,46.400001525878906,90.81999969482422,91.66000366210938
2025-02-24,546.3300170898438,99.25,19.790000915527344,49.5,44.72999954223633,92.02999877929688,91.72000122070312
2025-03-03,529.510009765625,98.3499984741211,20.3799991607666,48.4900016784668,45.959999084472656,90.98999786376953,91.51000213623047
2025-03-10,517.4600219726562,98.27999877929688,20.229999542236328,48.459999084472656,46.08000183105469,90.72000122070312,91.58000183105469
2025-03-17,520.260009765625,98.73999786376953,20.329999923706055,48.65999984741211,45.97999954223633,90.9800033569336,91.66000366210938
2025-03-24,510.79998779296875,98.7300033569336,19.959999084472656,48.81999969482422,45.310001373291016,90.38999938964844,91.7300033569336
2025-03-31,465.5199890136719,99.45999908447266,18.25,49.08000183105469,42.130001068115234,88.58999633789062,91.4800033569336
2025-04-07,490.54998779296875,97.04000091552734,19.219999313354492,48.900001525878906,43.099998474121094,87.36000061035156,91.55999755859375
2025-04-14,483.8999938964844,97.87000274658203,19.719999313354492,49.2599983215332,43.29999923706055,88.80000305175781,91.62999725341797
2025-04-21,506.1099853515625,98.5999984741211,20.389999389648438,49.41999816894531,44.869998931884766,90.37999725341797,91.69999694824219
2025-04-28,520.7100219726562,97.94999694824219,20.8700008392334,49.22999954223633,46.439998626708984,89.36000061035156,91.45999908447266
2025-05-05,518.6500244140625,97.76000213623047,20.860000610351562,49.18000030517578,46.25,89.68000030517578,91.52999877929688
2025-05-12,546.260009765625,97.66000366210938,21.190000534057617,49.06999969482422,47.72999954223633,90.44999694824219,91.5999984741211
2025-05-19,532.4000244140625,97.23999786376953,21.389999389648438,49.11000061035156,47.79999923706055,89.93000030517578,91.69000244140625
2025-05-26,541.760009765625,98.0999984741211,21.56999969482422,49.45000076293945,47.0,90.5999984741211,91.73999786376953
2025-06-02,550.6599731445312,97.27999877929688,21.860000610351562,49.20000076293945,48.2400016784668,90.43000030517578,91.5
2025-06-09,548.77001953125,97.95999908447266,21.799999237060547,49.31999969482422,48.380001068115234,90.91000366210938,91.58000183105469
